{"Game":"Stellaris","IsSelected":true,"MergedFolderName":null,"ModIds":[{"ParadoxId":null,"SteamId":1667726947},{"ParadoxId":null,"SteamId":1121692237},{"ParadoxId":null,"SteamId":2461999384},{"ParadoxId":null,"SteamId":1715190550},{"ParadoxId":null,"SteamId":865040033},{"ParadoxId":null,"SteamId":2441507863},{"ParadoxId":null,"SteamId":2293169684},{"ParadoxId":null,"SteamId":1701916892},{"ParadoxId":null,"SteamId":1818571134},{"ParadoxId":null,"SteamId":1701915595},{"ParadoxId":null,"SteamId":2527918521},{"ParadoxId":null,"SteamId":946222466},{"ParadoxId":null,"SteamId":2976573664},{"ParadoxId":null,"SteamId":727000451},{"ParadoxId":null,"SteamId":1227620643},{"ParadoxId":null,"SteamId":1993869579},{"ParadoxId":null,"SteamId":2030472413},{"ParadoxId":null,"SteamId":2488154830},{"ParadoxId":null,"SteamId":2028670202},{"ParadoxId":null,"SteamId":2077186491},{"ParadoxId":null,"SteamId":2811302849},{"ParadoxId":null,"SteamId":1336349704},{"ParadoxId":null,"SteamId":2459872857},{"ParadoxId":null,"SteamId":1455861246},{"ParadoxId":null,"SteamId":2460010511},{"ParadoxId":null,"SteamId":2559962615},{"ParadoxId":null,"SteamId":1766534634},{"ParadoxId":null,"SteamId":2065121501},{"ParadoxId":null,"SteamId":2485912417},{"ParadoxId":null,"SteamId":1597356359},{"ParadoxId":null,"SteamId":2559702143},{"ParadoxId":null,"SteamId":2501114149},{"ParadoxId":null,"SteamId":2183551683},{"ParadoxId":null,"SteamId":703156866},{"ParadoxId":null,"SteamId":1900830460},{"ParadoxId":null,"SteamId":902204956},{"ParadoxId":null,"SteamId":2531956843},{"ParadoxId":null,"SteamId":1442819122},{"ParadoxId":null,"SteamId":1419304439},{"ParadoxId":null,"SteamId":1504307690},{"ParadoxId":null,"SteamId":1481972266},{"ParadoxId":null,"SteamId":2178603631},{"ParadoxId":null,"SteamId":2820330517},{"ParadoxId":null,"SteamId":2389589691},{"ParadoxId":null,"SteamId":937289339},{"ParadoxId":null,"SteamId":1918281610},{"ParadoxId":null,"SteamId":819148835},{"ParadoxId":null,"SteamId":1732437279},{"ParadoxId":null,"SteamId":1732447147},{"ParadoxId":null,"SteamId":2284514368},{"ParadoxId":null,"SteamId":1740165239},{"ParadoxId":null,"SteamId":1960179456},{"ParadoxId":null,"SteamId":1807850864},{"ParadoxId":null,"SteamId":2391277656},{"ParadoxId":null,"SteamId":2517213262},{"ParadoxId":null,"SteamId":2607046083},{"ParadoxId":null,"SteamId":948359179},{"ParadoxId":null,"SteamId":2268189539},{"ParadoxId":null,"SteamId":2590834464},{"ParadoxId":null,"SteamId":1506078758},{"ParadoxId":null,"SteamId":1506081421},{"ParadoxId":null,"SteamId":2499031295},{"ParadoxId":null,"SteamId":2553806265},{"ParadoxId":null,"SteamId":2498166286},{"ParadoxId":null,"SteamId":2553818684},{"ParadoxId":null,"SteamId":2247594997},{"ParadoxId":null,"SteamId":2288335512},{"ParadoxId":null,"SteamId":2789654058},{"ParadoxId":null,"SteamId":2553812372},{"ParadoxId":null,"SteamId":2909530933},{"ParadoxId":null,"SteamId":1623423360},{"ParadoxId":null,"SteamId":1628912584},{"ParadoxId":null,"SteamId":1623423504},{"ParadoxId":null,"SteamId":2607042792},{"ParadoxId":null,"SteamId":2604778880},{"ParadoxId":null,"SteamId":1890399946},{"ParadoxId":null,"SteamId":682090850},{"ParadoxId":null,"SteamId":2066393985},{"ParadoxId":null,"SteamId":1780481482},{"ParadoxId":null,"SteamId":1993018111},{"ParadoxId":null,"SteamId":2458024521},{"ParadoxId":null,"SteamId":962993119},{"ParadoxId":null,"SteamId":1182167547},{"ParadoxId":null,"SteamId":2859409064},{"ParadoxId":null,"SteamId":2602243400},{"ParadoxId":null,"SteamId":2656920218},{"ParadoxId":null,"SteamId":2791443065},{"ParadoxId":null,"SteamId":2795052305},{"ParadoxId":null,"SteamId":2807759164},{"ParadoxId":null,"SteamId":2605747774}],"ModNames":["Hyperlane Generation (Alternate version)","Gigastructural Engineering & More (3.8)","Psionic Species Expansion","Expanded Gestalts: Forgotten Queens","Guilli's Planet Modifiers and Features","Machine & Robot Expansion","L-Cluster Plus","Animated Human Android Species","Animated Cecaelia Species","(Optional) 14 Plus Hair Colors for Animated Android Species","Yet Another Planetary Sky Fix","Expanded Stellaris Traditions","Expanded Stellaris Ascension Perks 3.8","More Events Mod","Dynamic Political Events","Archaeology Story Pack","Origins Extended","Pre-FTL Conquest & Infiltration: Enhanced","Extra Origins (3.8)","Machine Shipset","Colossus Limit Increase (3.4)","Ork Voice Advisor - Warhammer 40K","Zer0's Infinity Stones 3.0","Technology Ascendant","Formidable Star Eater - The Companion Cube","Faster Galactic Community","Gateways Policy/Federation/Imperium","Federations Expanded","Agree To Disagree","Fix Slave Policies","Deassimlated Machine Worlds","At War: Defense Platform Longevity(3.8.*)","Vassals Expanded and Reworked - FunEFork","Cinematic Camera","Flags in the void","Diverse Rooms","Abducting Colossus / Planet Killer","Improved Transport Ship Behaviors and Transport Upgrades!","Ancient Cache of Technologies","Ancient Cache of Technologies: Override","Ancient Cache of Technologies : Secrets Beyond The Gates","Acquisition of Technology","Secrets of the Shroud","Ancient Empire 1.8","Real Space 3.8","Real Space - Colour Out of Deep","Planetary Diversity","Planetary Diversity - Exotic Worlds","Planetary Diversity - More Arcologies","Planetary Diversity - Gaia Worlds","Planetary Diversity - Unique Worlds","Planetary Diversity - Shroud Worlds","Planetary Diversity - Reworked Habitability","Planetary Diversity - Ringworlds","Ethics & Civics: Bug Branch","Ethics and Civics: Bug Branch Corporate Buildings","Planetary Shields","Aggressive Crisis Engine","Crisis Emperor","Quadrant Fixed","Light Borders","Leader Traits: All Eligible Species Traits","[Deprecated] Leader Traits: Enhanced Randomisation","Leader Traits: Scientist AI Assistant Upgrader","Retain Leaders from Integrated Subjects & Pre-FTL Civilizations","Societal Advancement (fixed)","Ancient Cache of Technologies: Extra Defines and Changes","ACOT Celestial Reactors","Deassimilate Machines","Counter Intel","UI Overhaul Dynamic","UI Overhaul Dynamic + Tiny Outliner v2","UI Overhaul Dynamic + Planetary Diversity","UI Overhaul Dynamic + Bug Branch","UI Overhaul Dynamic - More Tradition Categories (32)","UI Overhaul Dynamic - Ascension Slots","Expanded Colours [180 Colours]","UI Overhaul Dynamic + Expanded Colours","UI Overhaul Dynamic - Extended Topbar","UI Overhaul Dynamic - Dark UI","Dynamic Mod Menu [3.8.*]","Nier:Automata Music (Fixed)","Mass Effect OST","FTL: Multiverse OST","ANZ Advanced Cloning","ANZ Celestial Harvesters","ANZ Almighty Stellarborn","ANZ VOIDFRAME","! The Merger of Rules 3.8","ANZ Eternal Light Modlist Patch"],"ModPaths":null,"Mods":["mod/ugc_1667726947.mod","mod/ugc_1121692237.mod","mod/ugc_2461999384.mod","mod/ugc_1715190550.mod","mod/ugc_865040033.mod","mod/ugc_2441507863.mod","mod/ugc_2293169684.mod","mod/ugc_1701916892.mod","mod/ugc_1818571134.mod","mod/ugc_1701915595.mod","mod/ugc_2527918521.mod","mod/ugc_946222466.mod","mod/ugc_2976573664.mod","mod/ugc_727000451.mod","mod/ugc_1227620643.mod","mod/ugc_1993869579.mod","mod/ugc_2030472413.mod","mod/ugc_2488154830.mod","mod/ugc_2028670202.mod","mod/ugc_2077186491.mod","mod/ugc_2811302849.mod","mod/ugc_1336349704.mod","mod/ugc_2459872857.mod","mod/ugc_1455861246.mod","mod/ugc_2460010511.mod","mod/ugc_2559962615.mod","mod/ugc_1766534634.mod","mod/ugc_2065121501.mod","mod/ugc_2485912417.mod","mod/ugc_1597356359.mod","mod/ugc_2559702143.mod","mod/ugc_2501114149.mod","mod/ugc_2183551683.mod","mod/ugc_703156866.mod","mod/ugc_1900830460.mod","mod/ugc_902204956.mod","mod/ugc_2531956843.mod","mod/ugc_1442819122.mod","mod/ugc_1419304439.mod","mod/ugc_1504307690.mod","mod/ugc_1481972266.mod","mod/ugc_2178603631.mod","mod/ugc_2820330517.mod","mod/ugc_2389589691.mod","mod/ugc_937289339.mod","mod/ugc_1918281610.mod","mod/ugc_819148835.mod","mod/ugc_1732437279.mod","mod/ugc_1732447147.mod","mod/ugc_2284514368.mod","mod/ugc_1740165239.mod","mod/ugc_1960179456.mod","mod/ugc_1807850864.mod","mod/ugc_2391277656.mod","mod/ugc_2517213262.mod","mod/ugc_2607046083.mod","mod/ugc_948359179.mod","mod/ugc_2268189539.mod","mod/ugc_2590834464.mod","mod/ugc_1506078758.mod","mod/ugc_1506081421.mod","mod/ugc_2499031295.mod","mod/ugc_2553806265.mod","mod/ugc_2498166286.mod","mod/ugc_2553818684.mod","mod/ugc_2247594997.mod","mod/ugc_2288335512.mod","mod/ugc_2789654058.mod","mod/ugc_2553812372.mod","mod/ugc_2909530933.mod","mod/ugc_1623423360.mod","mod/ugc_1628912584.mod","mod/ugc_1623423504.mod","mod/ugc_2607042792.mod","mod/ugc_2604778880.mod","mod/ugc_1890399946.mod","mod/ugc_682090850.mod","mod/ugc_2066393985.mod","mod/ugc_1780481482.mod","mod/ugc_1993018111.mod","mod/ugc_2458024521.mod","mod/ugc_962993119.mod","mod/ugc_1182167547.mod","mod/ugc_2859409064.mod","mod/ugc_2602243400.mod","mod/ugc_2656920218.mod","mod/ugc_2791443065.mod","mod/ugc_2795052305.mod","mod/ugc_2807759164.mod","mod/ugc_2605747774.mod"],"Name":"Eternal Light","PatchModEnabled":false}